{
  "Etaj": {
    "color": "#e2d436",
    "nodes": [
      {
        "height": 91.30000305175781,
        "id": 2,
        "width": 193.3000030517578,
        "x": 545,
        "y": 144
      },
      {
        "height": 91.30000305175781,
        "id": 3,
        "width": 193.3000030517578,
        "x": 538,
        "y": 334
      }
    ]
  },
  "Parter": {
    "color": "#4fba7d",
    "nodes": [
      {
        "height": 91.30000305175781,
        "id": 4,
        "width": 193.3000030517578,
        "x": 99,
        "y": 101
      },
      {
        "height": 91.30000305175781,
        "id": 5,
        "width": 193.3000030517578,
        "x": 206.95001220703125,
        "y": 150.75
      }
    ]
  }
}